ID,Last,First
S900107300,Watson,Mercy
S900112719,Klein,Jason
S900118284,Pocollo,Fran
S900120633,Turner,Samantha
S900128627,Beggan,Lydia
S900129390,Lively,Kim
S900129404,Patel,Mason
S900136040,Gonzalez,Paul
S900136426,Peterson,Clifford
S900139128,Pitts,Wanda
S900150050,Lendrim,Frank
S900151869,Hudson,Belle
S900162063,Irick,Dakota
S900165202,Spencer,Ryan
S900168602,Durham,Kate
S900179342,Knight,David
S900186969,Lang,Jeannene
S900190322,Howard,Valerie
S900190989,Wiseman,Peter
S900192108,Fletcher,Robert
S900198170,Corning,Susan
S900200335,Butcher,Kay
S900201160,Antman,Bruce
S900201206,Cioci,Lisa
S900204769,Braswell,John
S900205507,Bentley,Jeffrey
S900205912,Bergman,Michaela
S900219754,Kassel,Nancy
S900222588,McCauley,Kathy
S900223029,Wilson,Pamela
S900241112,Jones,Roy
S900258852,Smith,Melissa
S900264098,Etheridge,Faith
S900265440,Watson,Charlie
S900281665,Langford,Jennifer
S900281989,Langley,Arthur
S900282094,Simpson,Wendy
S900295400,Keller,Anne
S900297819,Hartley,Ellen
S900299055,Chester,Scott
S900299149,Ticknor,Phoebe
S900300324,Whitehurst,Cheryl
S900302528,Hilbish,Thomas
S900317346,Thomas,George
S900317766,Dolan,Michelle
S900322303,Blyn,Paul
S900340044,Franklin,Rick
S900342326,Meredith,Steven
S900350498,Worth,Edward
S900352822,King,Haley
S900355972,Everett,Lauren
S900362860,Dubois,Margaret
S900372527,Schubert,Duane
S900381660,Pullen,Kylie
S900382489,Hege,Mary
S900384642,Ramirez,Antonio
S900387715,Brown,Carol
S900390919,Green,Fran
S900393506,Appleton,Felicity
S900408412,Ferguson,Brian
S900409099,Moore,Rachel
S900414446,Wheeler,Seth
S900420185,Myers,Holly
S900422367,Reynolds,Judith
S900430561,Stanton,James
S900434253,Velletri,Shannon
S900461214,Spears,Louise
S900461484,Perkins,Mallory
S900469812,Barnes,Monica
S900470763,Merritt,Christine
S900476543,Kelley,Laura
S900490633,Glagola,Karen
S900494380,McPherson,Kevin
S900499303,Morgan,Rebecca
S900503849,Sylvester,Dawn
S900515009,Hegel,Stacey
S900517051,Russo,Ben
S900523402,Martin,Inga
S900530677,Guin,Allan
S900533859,Jameson,Indigo
S900564552,Hunter,Darryl
S900565748,Creech,Carolyn
S900569418,Hennessee,Gail
S900577141,Flynn,Joyce
S900582739,Douglas,Harper
S900582764,Jennings,Sean
S900582813,Clark,Brenda
S900583894,Morris,Ted
S900597801,Wu,Jasmine
S900604641,Finley,Aaron
S900606068,Schneider,Anthony
S900614206,Poff,Wesley
S900623344,Duke,Edgar
S900623534,Nash,Nathan
S900626191,Garrison,Rose
S900631875,Todd,Colby
S900634347,Chan,Ross
S900638250,Allen,Will
S900656297,Alvarez,Maria
S900661190,Davis,Bess
S900667857,Fisher,Jim
S900672636,Howell,Don
S900673465,Daniel,Lynda
S900673533,Richter,Meredith
S900675780,Hood,Nicholas
S900680303,Horton,Robin
S900693545,Young,Corinne
S900698523,Adams,Isaac
S900701485,Norman,Sara
S900704178,Stephens,Byron
S900704852,Trotski,Hope
S900718145,Bombelli,Justin
S900718638,Wilcox,Macy
S900720190,Booker,William
S900731542,McGaughey,Lynn
S900732183,Chance,Julia
S900734026,Rossman,Kate
S900738282,Roy,Daniel
S900741097,Vijay,Seema
S900744883,Mullins,Riley
S900750721,Washington,Carmen
S900755553,Carver,Tiffany
S900759617,Gabriel,Mark
S900763512,Carter,Solomon
S900764625,Daniels,Luke
S900770928,Glass,Yvonne
S900778286,Schweitzer,Hannah
S900789186,Cartwright,Cameron
S900794931,Parker,Wallace
S900798194,Hayes,Phillip
S900799911,Collins,Roy
S900804333,Holland,Ian
S900806335,Hancock,Amy
S900824171,Sharp,Alison
S900826998,Walker,Natalie
S900841084,Gunter,Margo
S900848118,Chandler,Greg
S900849198,Rutledge,Larry
S900855865,Thompson,Janie
S900866538,Meadows,Robb
S900871768,Bell,Suzanne
S900873992,Arrington,Dana
S900874575,Zillian,Paul
S900879913,Parks,Patricia
S900883133,Winters,Mary
S900888109,Aronson,Arlene
S900892615,Oberman,Grant
S900893369,McNeal,Jeff
S900897233,Bowman,Matthew
