ID,Last,First,Department
1001,Terrier,Davis,180
1002,Michaels,Patrick,180
1003,Zuber,Genevieve,180
1004,Cooper,Marianne,180
1005,Phillips,Watson,180
1006,Cloutier,Paul,180
1007,Harkins,Sarah,180
1008,Thompson,Abraham,180
1009,Shrenk,William,180
1010,Sparks,Faith,180
1011,Fulsom,Barron,180
1012,Thibul,Archer,110
1013,Fletcher,Louise,110
1014,Winthrop,Kim,110
1015,Melton,Edward,110
1016,Forrester,Anne,590
1017,Carey,George,590
1018,Parks,Esther,590
1019,Sweetzer,Phillip,590
1020,Prosl,Jacob,590
1021,Collins,Arthur,590
1022,Fortuna,Everett,480
1023,Bask,Shep,480
1024,Marchand,Ian,480
1025,Piper,Phyllis,480
1026,Wesley,Josef,480
1027,Malcom,Beth,480
1028,Ariaga,Stuart,480
1029,Gagliano,Adolfo,480
1030,Napier,Hannah,480
1031,Wilson,Gertrude,480
1032,Chaki,Margaret,480
1033,Griswold,Ruth,480
1034,Thurgood,Winston,480
1035,Xi,Janet,480
